{
    "name": "root",
    "gauges": {
        "hb_04_Hummingbird.Policy.Entropy.mean": {
            "value": 0.6105060577392578,
            "min": 0.6105060577392578,
            "max": 1.4208886623382568,
            "count": 2220
        },
        "hb_04_Hummingbird.Policy.ExtrinsicValueEstimate.mean": {
            "value": 6.236732006072998,
            "min": -0.001548935892060399,
            "max": 6.320958137512207,
            "count": 2220
        },
        "hb_04_Hummingbird.Environment.EpisodeLength.mean": {
            "value": 999.0,
            "min": 999.0,
            "max": 999.0,
            "count": 2220
        },
        "hb_04_Hummingbird.Environment.CumulativeReward.mean": {
            "value": 63.19314908981323,
            "min": -2.0151485125223796,
            "max": 66.01062709093094,
            "count": 2220
        },
        "hb_04_Hummingbird.Policy.ExtrinsicReward.mean": {
            "value": 63.19314908981323,
            "min": -2.0151485125223796,
            "max": 66.01062709093094,
            "count": 2220
        },
        "hb_04_Hummingbird.IsTraining.mean": {
            "value": 1.0,
            "min": 1.0,
            "max": 1.0,
            "count": 2220
        },
        "hb_04_Hummingbird.Losses.ValueLoss.mean": {
            "value": 0.2589035630226135,
            "min": 7.545124390162528e-05,
            "max": 0.323973685503006,
            "count": 1057
        },
        "hb_04_Hummingbird.Losses.PolicyLoss.mean": {
            "value": 0.01601729355752468,
            "min": 0.010665228590369225,
            "max": 0.023878784850239754,
            "count": 1057
        },
        "hb_04_Hummingbird.Policy.LearningRate.mean": {
            "value": 0.00016681737906765193,
            "min": 0.00016681737906765193,
            "max": 0.0002998732670675963,
            "count": 1057
        }
    },
    "metadata": {
        "timer_format_version": "0.1.0",
        "start_time_seconds": "1591377860",
        "python_version": "3.7.5 (tags/v3.7.5:5c02a39a0b, Oct 15 2019, 00:11:34) [MSC v.1916 64 bit (AMD64)]",
        "command_line_arguments": "C:\\Program Files (x86)\\Microsoft Visual Studio\\Shared\\Python37_64\\Scripts\\mlagents-learn config/trainer_config.yaml --run-id hb_04",
        "mlagents_version": "0.16.1",
        "mlagents_envs_version": "0.16.1",
        "communication_protocol_version": "1.0.0",
        "tensorflow_version": "2.2.0",
        "end_time_seconds": "1591428121"
    },
    "total": 50260.5326571,
    "count": 1,
    "self": 0.19575869999971474,
    "children": {
        "run_training.setup": {
            "total": 0.02213110000000018,
            "count": 1,
            "self": 0.02213110000000018
        },
        "TrainerController.start_learning": {
            "total": 50260.3147673,
            "count": 1,
            "self": 1225.5137532980298,
            "children": {
                "TrainerController._reset_env": {
                    "total": 11.906232600000001,
                    "count": 1,
                    "self": 11.906232600000001
                },
                "TrainerController.advance": {
                    "total": 49015.77536410198,
                    "count": 2775410,
                    "self": 38.12430420143937,
                    "children": {
                        "env_step": {
                            "total": 48977.65105990054,
                            "count": 2775410,
                            "self": 44732.914054299916,
                            "children": {
                                "SubprocessEnvManager._take_step": {
                                    "total": 4205.988706598092,
                                    "count": 2775410,
                                    "self": 94.17535679481625,
                                    "children": {
                                        "NNPolicy.evaluate": {
                                            "total": 4111.813349803276,
                                            "count": 2775410,
                                            "self": 4111.813349803276
                                        }
                                    }
                                },
                                "workers": {
                                    "total": 38.74829900253455,
                                    "count": 2775409,
                                    "self": 0.0,
                                    "children": {
                                        "worker_root": {
                                            "total": 50172.53736030303,
                                            "count": 2775409,
                                            "is_parallel": true,
                                            "self": 9741.408187405374,
                                            "children": {
                                                "steps_from_proto": {
                                                    "total": 0.004255199999999348,
                                                    "count": 1,
                                                    "is_parallel": true,
                                                    "self": 0.00011929999999793495,
                                                    "children": {
                                                        "_process_vector_observation": {
                                                            "total": 0.0041359000000014134,
                                                            "count": 8,
                                                            "is_parallel": true,
                                                            "self": 0.0041359000000014134
                                                        }
                                                    }
                                                },
                                                "UnityEnvironment.step": {
                                                    "total": 40431.124917697656,
                                                    "count": 2775409,
                                                    "is_parallel": true,
                                                    "self": 408.4936271056795,
                                                    "children": {
                                                        "UnityEnvironment._generate_step_input": {
                                                            "total": 320.8453121975399,
                                                            "count": 2775409,
                                                            "is_parallel": true,
                                                            "self": 320.8453121975399
                                                        },
                                                        "communicator.exchange": {
                                                            "total": 38104.6654674984,
                                                            "count": 2775409,
                                                            "is_parallel": true,
                                                            "self": 38104.6654674984
                                                        },
                                                        "steps_from_proto": {
                                                            "total": 1597.1205108960353,
                                                            "count": 2775409,
                                                            "is_parallel": true,
                                                            "self": 347.3105250009305,